{
  "timestamp": "2026-03-29T21:36:31.855860",
  "etf_data": {
    "510880.SH": {
      "name": "红利ETF ",
      "pre_close": 3.268,
      "open": 3.267,
      "high": 3.283,
      "low": 3.243,
      "close": 3.267,
      "vol": 88778799,
      "amount": 289198915,
      "change": -0.030599755201955015,
      "trade_time": ""
    },
    "510300.SH": {
      "name": "300ETF  ",
      "pre_close": 4.488,
      "open": 4.45,
      "high": 4.53,
      "low": 4.445,
      "close": 4.508,
      "vol": 562690826,
      "amount": 2529639239,
      "change": 0.44563279857396554,
      "trade_time": ""
    },
    "510500.SH": {
      "name": "500ETF  ",
      "pre_close": 7.7,
      "open": 7.58,
      "high": 7.852,
      "low": 7.58,
      "close": 7.803,
      "vol": 396308985,
      "amount": 3076321019,
      "change": 1.3376623376623344,
      "trade_time": ""
    },
    "515790.SH": {
      "name": "光伏ETF ",
      "pre_close": 1.108,
      "open": 1.092,
      "high": 1.117,
      "low": 1.088,
      "close": 1.107,
      "vol": 387584980,
      "amount": 426894214,
      "change": -0.09025270758123753,
      "trade_time": ""
    },
    "512760.SH": {
      "name": "UC芯片  ",
      "pre_close": 0.794,
      "open": 0.775,
      "high": 0.805,
      "low": 0.773,
      "close": 0.798,
      "vol": 227788846,
      "amount": 179929990,
      "change": 0.5037783375314866,
      "trade_time": ""
    },
    "512010.SH": {
      "name": "医药ETF ",
      "pre_close": 0.353,
      "open": 0.35,
      "high": 0.365,
      "low": 0.349,
      "close": 0.365,
      "vol": 1992818789,
      "amount": 716845284,
      "change": 3.399433427762043,
      "trade_time": ""
    },
    "515980.SH": {
      "name": "人工智能",
      "pre_close": 0.854,
      "open": 0.837,
      "high": 0.857,
      "low": 0.835,
      "close": 0.852,
      "vol": 238976883,
      "amount": 202503047,
      "change": -0.2341920374707262,
      "trade_time": ""
    },
    "512480.SH": {
      "name": "半导体  ",
      "pre_close": 1.453,
      "open": 1.428,
      "high": 1.479,
      "low": 1.421,
      "close": 1.468,
      "vol": 624479635,
      "amount": 908084504,
      "change": 1.0323468685478252,
      "trade_time": ""
    },
    "515200.SH": {
      "name": "创新100 ",
      "pre_close": 2.093,
      "open": 2.078,
      "high": 2.127,
      "low": 2.078,
      "close": 2.125,
      "vol": 3760300,
      "amount": 7955917,
      "change": 1.528905876731965,
      "trade_time": ""
    },
    "512660.SH": {
      "name": "军工ETF ",
      "pre_close": 1.288,
      "open": 1.267,
      "high": 1.303,
      "low": 1.266,
      "close": 1.296,
      "vol": 201320568,
      "amount": 258944915,
      "change": 0.6211180124223609,
      "trade_time": ""
    },
    "512200.SH": {
      "name": "地产ETF ",
      "pre_close": 1.363,
      "open": 1.356,
      "high": 1.376,
      "low": 1.35,
      "close": 1.373,
      "vol": 71544975,
      "amount": 97736945,
      "change": 0.7336757153338231,
      "trade_time": ""
    },
    "518880.SH": {
      "name": "黄金ETF ",
      "pre_close": 9.45,
      "open": 9.358,
      "high": 9.528,
      "low": 9.358,
      "close": 9.494,
      "vol": 748707264,
      "amount": 7077216082,
      "change": 0.4656084656084708,
      "trade_time": ""
    },
    "515070.SH": {
      "name": "AI智能  ",
      "pre_close": 1.874,
      "open": 1.837,
      "high": 1.882,
      "low": 1.834,
      "close": 1.869,
      "vol": 72272216,
      "amount": 134402358,
      "change": -0.2668089647812228,
      "trade_time": ""
    },
    "512880.SH": {
      "name": "证券ETF ",
      "pre_close": 1.035,
      "open": 1.029,
      "high": 1.047,
      "low": 1.027,
      "close": 1.041,
      "vol": 1139388704,
      "amount": 1183988544,
      "change": 0.5797101449275368,
      "trade_time": ""
    },
    "515030.SH": {
      "name": "新汽车  ",
      "pre_close": 1.852,
      "open": 1.837,
      "high": 1.918,
      "low": 1.835,
      "close": 1.907,
      "vol": 166296574,
      "amount": 311679580,
      "change": 2.969762419006476,
      "trade_time": ""
    },
    "512690.SH": {
      "name": "酒ETF   ",
      "pre_close": 0.486,
      "open": 0.483,
      "high": 0.495,
      "low": 0.483,
      "close": 0.492,
      "vol": 1197169873,
      "amount": 587209617,
      "change": 1.234567901234569,
      "trade_time": ""
    },
    "513500.SH": {
      "name": "标普500 ",
      "pre_close": 2.219,
      "open": 2.19,
      "high": 2.218,
      "low": 2.182,
      "close": 2.209,
      "vol": 102602655,
      "amount": 225904762,
      "change": -0.4506534474988638,
      "trade_time": ""
    },
    "513110.SH": {
      "name": "纳指100 ",
      "pre_close": 1.947,
      "open": 1.918,
      "high": 1.937,
      "low": 1.913,
      "close": 1.933,
      "vol": 80191600,
      "amount": 154356253,
      "change": -0.7190549563430926,
      "trade_time": ""
    },
    "159915.SZ": {
      "name": "创业板ETF易方达",
      "pre_close": 3.263,
      "open": 3.241,
      "high": 3.313,
      "low": 3.221,
      "close": 3.293,
      "vol": 941177748,
      "amount": 3079351984.17,
      "change": 0.9193993257738354,
      "trade_time": ""
    },
    "160723.SZ": {
      "name": "嘉实原油LOF",
      "pre_close": 2.841,
      "open": 2.912,
      "high": 2.931,
      "low": 2.611,
      "close": 2.66,
      "vol": 2145903070,
      "amount": 5885487800.266,
      "change": -6.370996128123902,
      "trade_time": ""
    },
    "159663.SZ": {
      "name": "机床ETF华夏",
      "pre_close": 1.697,
      "open": 1.668,
      "high": 1.746,
      "low": 1.661,
      "close": 1.734,
      "vol": 22833100,
      "amount": 38995822.7,
      "change": 2.1803182086034134,
      "trade_time": ""
    },
    "159985.SZ": {
      "name": "豆粕ETF华夏",
      "pre_close": 2.161,
      "open": 2.168,
      "high": 2.172,
      "low": 2.121,
      "close": 2.122,
      "vol": 307112296,
      "amount": 656727555.367,
      "change": -1.8047200370199048,
      "trade_time": ""
    },
    "159981.SZ": {
      "name": "能源化工ETF建信",
      "pre_close": 1.71,
      "open": 1.73,
      "high": 1.754,
      "low": 1.721,
      "close": 1.744,
      "vol": 2583073624,
      "amount": 4482178044.66,
      "change": 1.9883040935672534,
      "trade_time": ""
    },
    "159937.SZ": {
      "name": "黄金ETF博时",
      "pre_close": 9.427,
      "open": 9.331,
      "high": 9.506,
      "low": 9.331,
      "close": 9.476,
      "vol": 207161500,
      "amount": 1954439835.2,
      "change": 0.5197836002970326,
      "trade_time": ""
    },
    "159566.SZ": {
      "name": "储能电池ETF易方达",
      "pre_close": 2.248,
      "open": 2.216,
      "high": 2.28,
      "low": 2.212,
      "close": 2.258,
      "vol": 222628336,
      "amount": 499150268.837,
      "change": 0.44483985765123607,
      "trade_time": ""
    },
    "159399.SZ": {
      "name": "现金流ETF国泰",
      "pre_close": 1.12,
      "open": 1.111,
      "high": 1.123,
      "low": 1.104,
      "close": 1.121,
      "vol": 145675823,
      "amount": 162809895.716,
      "change": 0.08928571428570445,
      "trade_time": ""
    },
    "159206.SZ": {
      "name": "卫星ETF永赢",
      "pre_close": 1.598,
      "open": 1.564,
      "high": 1.608,
      "low": 1.557,
      "close": 1.592,
      "vol": 407110024,
      "amount": 645659100.196,
      "change": -0.3754693366708388,
      "trade_time": ""
    },
    "159363.SZ": {
      "name": "创业板人工智能ETF华宝",
      "pre_close": 1.066,
      "open": 1.04,
      "high": 1.073,
      "low": 1.032,
      "close": 1.061,
      "vol": 476186992,
      "amount": 502174319.844,
      "change": -0.469043151969992,
      "trade_time": ""
    },
    "159819.SZ": {
      "name": "人工智能ETF易方达",
      "pre_close": 1.475,
      "open": 1.448,
      "high": 1.484,
      "low": 1.444,
      "close": 1.472,
      "vol": 197490299,
      "amount": 289446099.345,
      "change": -0.20338983050848225,
      "trade_time": ""
    },